{"chunk_definitions":[{"chunk_id":"csetup_chunk","chunk_label":"setup","document_id":"16081689","expansion_state":0,"options":{"engine":"r","include":false,"label":"setup"},"row":18,"row_count":1,"visible":true},{"chunk_id":"coq2r0d0ntp26","chunk_label":"unnamed-chunk-1","document_id":"16081689","expansion_state":0,"options":{"echo":false,"engine":"r","label":"unnamed-chunk-113"},"row":29,"row_count":1,"visible":true},{"chunk_id":"ce1op44bdey6i","chunk_label":"unnamed-chunk-2","document_id":"16081689","expansion_state":0,"options":{"echo":false,"engine":"r","include":false,"label":"unnamed-chunk-175"},"row":94,"row_count":1,"visible":true},{"chunk_id":"cgcrtrhruwzci","chunk_label":"unnamed-chunk-3","document_id":"16081689","expansion_state":0,"options":{"echo":false,"engine":"r","label":"unnamed-chunk-178"},"row":102,"row_count":1,"visible":true},{"chunk_id":"c438vqwyhzhzx","chunk_label":"unnamed-chunk-4","document_id":"16081689","expansion_state":0,"options":{"engine":"r","label":"unnamed-chunk-187"},"row":113,"row_count":1,"visible":true},{"chunk_id":"cqi2tt7tt94wj","chunk_label":"unnamed-chunk-5","document_id":"16081689","expansion_state":0,"options":{"echo":false,"engine":"r","label":"unnamed-chunk-190"},"row":120,"row_count":1,"visible":true}],"default_chunk_options":{"error":false},"doc_write_time":1556568561,"working_dir":null}